{
  "version": "V2",
  "best_12_numbers": [
    58,
    42,
    11,
    7,
    57,
    56,
    35,
    9,
    37,
    19,
    6,
    26
  ],
  "recommended_6_numbers": [
    7,
    6,
    9,
    58,
    37,
    35
  ],
  "best_pattern": "Tek numaralı çekilişler",
  "best_pattern_score": 1.4446666666666643,
  "total_patterns_tested": 45,
  "all_pattern_results": {
    "Tek numaralı çekilişler": 1.4446666666666643,
    "📐 Düşük entropi (Düzenli sayılar)": 1.4406666666666654,
    "Son 7 çekiliş": 1.4379999999999986,
    "4 tek + 2 çift": 1.4153333333333324,
    "Son 5 çekiliş": 1.388666666666665,
    "⏰ Vadesi geçmiş sayılar (Overdue)": 1.384666666666665,
    "3 küçük + 3 büyük": 1.3786666666666652,
    "3 tek + 3 çift": 1.3713333333333317,
    "Hot numbers (en çok çıkan)": 1.3639999999999985,
    "Sadece tek sayılar": 1.3593333333333326,
    "Son 30 çekiliş": 1.3573333333333315,
    "Trend artan sayılar": 1.3533333333333324,
    "Due numbers (en uzun süredir çıkmayan)": 1.334666666666665,
    "📏 Sayılar arası fark analizi": 1.3339999999999985,
    "Çift numaralı çekilişler": 1.333333333333332,
    "Son 20 çekiliş": 1.326666666666665,
    "Ayın aynı günü": 1.3233333333333315,
    "Haftanın aynı günü": 1.3219999999999985,
    "Mod 3 (3'ün katları)": 1.312666666666665,
    "Son 3 çekiliş": 1.3073333333333321,
    "Son 15 çekiliş": 1.3006666666666646,
    "Son 10 çekiliş": 1.2746666666666648,
    "Trend azalan sayılar": 1.257999999999999,
    "🤝 En güçlü partner ilişkileri": 1.2573333333333316,
    "Asal sayılar": 1.2533333333333334,
    "🌊 Yüksek entropi (Dağınık sayılar)": 1.2426666666666657,
    "Büyük sayılar (31-60)": 1.2133333333333334,
    "🎵 Ritmik Due analizi": 1.1999999999999997,
    "Sadece çift sayılar": 1.1993333333333318,
    "Küçük sayılar (1-30)": 1.1886666666666668,
    "Fibonacci aralığı": 1.1820000000000015,
    "🔗 En çok çıkan sayı çiftleri (Pair)": 1.1773333333333325,
    "Fibonacci + komşu": 1.1700000000000015,
    "🔺 En çok çıkan sayı üçlüleri (Triplet)": 1.1659999999999984,
    "Son çekilişin komşuları (±1,±2)": 1.1493333333333344,
    "Mod 5 (5'in katları)": 1.1266666666666667,
    "📊 En aktif blok (Blok analizi)": 0.9720000000000012,
    "🎯 Küme merkezleri (Clustering)": 0.9720000000000012,
    "Fibonacci sayıları": 0.92,
    "🎯 En pasif blok (Sürpriz sayılar)": 0.8640000000000008,
    "Tam kareler": 0.8359999999999995,
    "Son 1 çekiliş": 0.5786666666666668,
    "Son çekilişin aynısı": 0.5786666666666668,
    "2'nin kuvvetleri": 0.5700000000000002,
    "Mod 10 (10'un katları)": 0.5533333333333333
  }
}